,pH,pH_Norm,Temperatura (°C),Temp_Norm,EC,EC_Norm,OD,OD_Norm,Delta_pH_1d
pH,1.0,0.6639829601821029,0.014343557538650792,0.6639829601821026,0.27259361793091863,-0.4030334724155176,0.02328604091508023,0.23943140819303704,0.19805289961472908
pH_Norm,0.6639829601821029,1.0,0.19584028721955724,1.0,-0.3396303410586399,-0.33963034105863865,0.16188639467357022,0.21161515515988702,0.13693906082307283
Temperatura (°C),0.014343557538650792,0.19584028721955724,1.0,0.19584028721955715,-0.580019973888845,-0.36140513983547173,-0.05222107570095659,0.10889777702843624,0.12465405377538427
Temp_Norm,0.6639829601821026,1.0,0.19584028721955715,1.0,-0.33963034105863943,-0.3396303410586386,0.16188639467357027,0.21161515515988708,0.13693906082307283
EC,0.27259361793091863,-0.3396303410586399,-0.580019973888845,-0.33963034105863943,1.0,0.9999999999999991,-0.2161078989169788,-0.47153722896061373,-0.1654325243521188
EC_Norm,-0.4030334724155176,-0.33963034105863865,-0.36140513983547173,-0.3396303410586386,0.9999999999999991,1.0,-0.5206716693761104,-0.471537228960614,-0.249614710589622
OD,0.02328604091508023,0.16188639467357022,-0.05222107570095659,0.16188639467357027,-0.2161078989169788,-0.5206716693761104,1.0,0.7771601010637615,0.04868334475265634
OD_Norm,0.23943140819303704,0.21161515515988702,0.10889777702843624,0.21161515515988708,-0.47153722896061373,-0.471537228960614,0.7771601010637615,1.0,0.004129593752378704
Delta_pH_1d,0.19805289961472908,0.13693906082307283,0.12465405377538427,0.13693906082307283,-0.1654325243521188,-0.249614710589622,0.04868334475265634,0.004129593752378704,1.0
