BIM,target,variable,lag,correlation
BIM-02,OD,pH,-5,0.30139881396179863
BIM-02,OD,pH,-4,0.3606916343787702
BIM-02,OD,pH,-3,0.4033732961578612
BIM-02,OD,pH,-2,0.12152200358686399
BIM-02,OD,pH,-1,-0.14107241916703867
BIM-02,OD,pH,0,0.035140326620758104
BIM-02,OD,pH,1,0.19890181156087722
BIM-02,OD,pH,2,0.29392395892586265
BIM-02,OD,pH,3,0.3910474343257907
BIM-02,OD,pH,4,-0.1424799114356591
BIM-02,OD,pH,5,-0.6272434856313014
BIM-02,OD,pH_Norm,-5,0.30139881396179885
BIM-02,OD,pH_Norm,-4,0.3606916343787703
BIM-02,OD,pH_Norm,-3,0.4033732961578609
BIM-02,OD,pH_Norm,-2,0.12152200358686398
BIM-02,OD,pH_Norm,-1,-0.14107241916703883
BIM-02,OD,pH_Norm,0,0.03514032662075798
BIM-02,OD,pH_Norm,1,0.19890181156087738
BIM-02,OD,pH_Norm,2,0.29392395892586265
BIM-02,OD,pH_Norm,3,0.3910474343257912
BIM-02,OD,pH_Norm,4,-0.1424799114356588
BIM-02,OD,pH_Norm,5,-0.6272434856313014
BIM-02,OD,Temperatura (°C),-5,-0.34723375765470355
BIM-02,OD,Temperatura (°C),-4,-0.46659559717377
BIM-02,OD,Temperatura (°C),-3,-0.431142598953882
BIM-02,OD,Temperatura (°C),-2,-0.23023864933765595
BIM-02,OD,Temperatura (°C),-1,-0.21727270903713175
BIM-02,OD,Temperatura (°C),0,-0.08886161369950217
BIM-02,OD,Temperatura (°C),1,0.10627325709551777
BIM-02,OD,Temperatura (°C),2,0.038225363157926726
BIM-02,OD,Temperatura (°C),3,0.08866581237598195
BIM-02,OD,Temperatura (°C),4,-0.002146145263859786
BIM-02,OD,Temperatura (°C),5,-0.35807147835972375
BIM-02,OD,Temp_Norm,-5,0.3013988139617985
BIM-02,OD,Temp_Norm,-4,0.36069163437877044
BIM-02,OD,Temp_Norm,-3,0.4033732961578614
BIM-02,OD,Temp_Norm,-2,0.12152200358686398
BIM-02,OD,Temp_Norm,-1,-0.14107241916703847
BIM-02,OD,Temp_Norm,0,0.035140326620757834
BIM-02,OD,Temp_Norm,1,0.19890181156087713
BIM-02,OD,Temp_Norm,2,0.29392395892586287
BIM-02,OD,Temp_Norm,3,0.39104743432579053
BIM-02,OD,Temp_Norm,4,-0.14247991143565922
BIM-02,OD,Temp_Norm,5,-0.6272434856313016
BIM-02,OD,EC,-5,0.12333981503769809
BIM-02,OD,EC,-4,0.18377867869317896
BIM-02,OD,EC,-3,0.39291622005240157
BIM-02,OD,EC,-2,0.4735614007178979
BIM-02,OD,EC,-1,0.07628943567694184
BIM-02,OD,EC,0,-0.06105980593657874
BIM-02,OD,EC,1,-0.44408038948021783
BIM-02,OD,EC,2,-0.7043156065721098
BIM-02,OD,EC,3,-0.4450089586228587
BIM-02,OD,EC,4,-0.32362570362502296
BIM-02,OD,EC,5,-0.0994157426944612
BIM-02,OD,EC_Norm,-5,0.12333981503769807
BIM-02,OD,EC_Norm,-4,0.18377867869317915
BIM-02,OD,EC_Norm,-3,0.3929162200524015
BIM-02,OD,EC_Norm,-2,0.47356140071789793
BIM-02,OD,EC_Norm,-1,0.07628943567694188
BIM-02,OD,EC_Norm,0,-0.061059805936578816
BIM-02,OD,EC_Norm,1,-0.44408038948021766
BIM-02,OD,EC_Norm,2,-0.7043156065721098
BIM-02,OD,EC_Norm,3,-0.4450089586228586
BIM-02,OD,EC_Norm,4,-0.32362570362502285
BIM-02,OD,EC_Norm,5,-0.09941574269446118
BIM-02,OD,OD_Norm,-5,-0.01243716506214297
BIM-02,OD,OD_Norm,-4,-0.6067437081412742
BIM-02,OD,OD_Norm,-3,-0.19313342930248512
BIM-02,OD,OD_Norm,-2,-0.0414312931125405
BIM-02,OD,OD_Norm,-1,0.2874190118700293
BIM-02,OD,OD_Norm,0,0.9999999999999998
BIM-02,OD,OD_Norm,1,0.2874190118700292
BIM-02,OD,OD_Norm,2,-0.04143129311254052
BIM-02,OD,OD_Norm,3,-0.1931334293024851
BIM-02,OD,OD_Norm,4,-0.6067437081412744
BIM-02,OD,OD_Norm,5,-0.01243716506214306
BIM-02,OD,Delta_pH_1d,-5,-0.09301559659252617
BIM-02,OD,Delta_pH_1d,-4,-0.1590374555587846
BIM-02,OD,Delta_pH_1d,-3,0.3900791054881431
BIM-02,OD,Delta_pH_1d,-2,0.3218581919041108
BIM-02,OD,Delta_pH_1d,-1,-0.3075598289516012
BIM-02,OD,Delta_pH_1d,0,-0.12282458092967559
BIM-02,OD,Delta_pH_1d,1,-0.11162174990897251
BIM-02,OD,Delta_pH_1d,2,-0.14975991687436283
BIM-02,OD,Delta_pH_1d,3,0.6153555801878549
BIM-02,OD,Delta_pH_1d,4,0.3702541501449497
BIM-02,OD,Delta_pH_1d,5,0.10776140042480728
BIM-04,OD,pH,-5,-0.7467800651281334
BIM-04,OD,pH,-4,-0.6768110283420867
BIM-04,OD,pH,-3,-0.8493219641440206
BIM-04,OD,pH,-2,-0.41729332432274985
BIM-04,OD,pH,-1,0.15914402571886707
BIM-04,OD,pH,0,0.5877826158609135
BIM-04,OD,pH,1,0.7626884896019369
BIM-04,OD,pH,2,0.526056406006571
BIM-04,OD,pH,3,0.5433391255026382
BIM-04,OD,pH,4,0.20924020023901035
BIM-04,OD,pH,5,-0.15936849966327968
BIM-04,OD,pH_Norm,-5,-0.7467800651281333
BIM-04,OD,pH_Norm,-4,-0.676811028342087
BIM-04,OD,pH_Norm,-3,-0.8493219641440207
BIM-04,OD,pH_Norm,-2,-0.41729332432274985
BIM-04,OD,pH_Norm,-1,0.15914402571886707
BIM-04,OD,pH_Norm,0,0.5877826158609137
BIM-04,OD,pH_Norm,1,0.7626884896019368
BIM-04,OD,pH_Norm,2,0.5260564060065709
BIM-04,OD,pH_Norm,3,0.5433391255026382
BIM-04,OD,pH_Norm,4,0.20924020023901038
BIM-04,OD,pH_Norm,5,-0.15936849966327965
BIM-04,OD,Temperatura (°C),-5,-0.6392964842905455
BIM-04,OD,Temperatura (°C),-4,-0.73763659107816
BIM-04,OD,Temperatura (°C),-3,-0.6639496621627999
BIM-04,OD,Temperatura (°C),-2,-0.7453393571845374
BIM-04,OD,Temperatura (°C),-1,-0.6829929572875799
BIM-04,OD,Temperatura (°C),0,-0.25269229616441874
BIM-04,OD,Temperatura (°C),1,-0.054626249243684206
BIM-04,OD,Temperatura (°C),2,-0.1236018470207227
BIM-04,OD,Temperatura (°C),3,-0.2604873937038739
BIM-04,OD,Temperatura (°C),4,0.2262841367772934
BIM-04,OD,Temperatura (°C),5,0.4497611386414816
BIM-04,OD,Temp_Norm,-5,-0.7467800651281333
BIM-04,OD,Temp_Norm,-4,-0.6768110283420867
BIM-04,OD,Temp_Norm,-3,-0.8493219641440208
BIM-04,OD,Temp_Norm,-2,-0.4172933243227499
BIM-04,OD,Temp_Norm,-1,0.15914402571886713
BIM-04,OD,Temp_Norm,0,0.5877826158609137
BIM-04,OD,Temp_Norm,1,0.762688489601937
BIM-04,OD,Temp_Norm,2,0.5260564060065709
BIM-04,OD,Temp_Norm,3,0.5433391255026383
BIM-04,OD,Temp_Norm,4,0.20924020023901047
BIM-04,OD,Temp_Norm,5,-0.15936849966327965
BIM-04,OD,EC,-5,0.8024397499955054
BIM-04,OD,EC,-4,0.7184791547999497
BIM-04,OD,EC,-3,0.555096323668297
BIM-04,OD,EC,-2,0.23261391117795036
BIM-04,OD,EC,-1,-0.41556116089521306
BIM-04,OD,EC,0,-0.5171174988641586
BIM-04,OD,EC,1,-0.4732562166067216
BIM-04,OD,EC,2,-0.5510500568373036
BIM-04,OD,EC,3,-0.3566745976863673
BIM-04,OD,EC,4,-0.14525884786950466
BIM-04,OD,EC,5,0.07853355803099309
BIM-04,OD,EC_Norm,-5,0.8024397499955054
BIM-04,OD,EC_Norm,-4,0.7184791547999498
BIM-04,OD,EC_Norm,-3,0.5550963236682971
BIM-04,OD,EC_Norm,-2,0.2326139111779504
BIM-04,OD,EC_Norm,-1,-0.4155611608952131
BIM-04,OD,EC_Norm,0,-0.5171174988641585
BIM-04,OD,EC_Norm,1,-0.47325621660672157
BIM-04,OD,EC_Norm,2,-0.5510500568373038
BIM-04,OD,EC_Norm,3,-0.35667459768636717
BIM-04,OD,EC_Norm,4,-0.1452588478695047
BIM-04,OD,EC_Norm,5,0.07853355803099318
BIM-04,OD,OD_Norm,-5,-0.5976104182560585
BIM-04,OD,OD_Norm,-4,-0.42306703529227857
BIM-04,OD,OD_Norm,-3,-0.17299608414121706
BIM-04,OD,OD_Norm,-2,0.17530739364115908
BIM-04,OD,OD_Norm,-1,0.597873740297188
BIM-04,OD,OD_Norm,0,1.0
BIM-04,OD,OD_Norm,1,0.5978737402971878
BIM-04,OD,OD_Norm,2,0.17530739364115908
BIM-04,OD,OD_Norm,3,-0.17299608414121703
BIM-04,OD,OD_Norm,4,-0.4230670352922785
BIM-04,OD,OD_Norm,5,-0.5976104182560587
BIM-04,OD,Delta_pH_1d,-5,-0.5285703959595697
BIM-04,OD,Delta_pH_1d,-4,-0.10598829357641826
BIM-04,OD,Delta_pH_1d,-3,-0.6495427688401844
BIM-04,OD,Delta_pH_1d,-2,-0.5022842567262794
BIM-04,OD,Delta_pH_1d,-1,-0.2633980699333389
BIM-04,OD,Delta_pH_1d,0,-0.07831582903166588
BIM-04,OD,Delta_pH_1d,1,0.2776058621802122
BIM-04,OD,Delta_pH_1d,2,-0.04341003873427021
BIM-04,OD,Delta_pH_1d,3,0.2895207813639903
BIM-04,OD,Delta_pH_1d,4,0.36135371203178146
BIM-04,OD,Delta_pH_1d,5,0.5851617435078286
BIM-05,OD,pH,-5,-0.5728579719209942
BIM-05,OD,pH,-4,-0.5383980432710661
BIM-05,OD,pH,-3,-0.4666895720711606
BIM-05,OD,pH,-2,-0.4113768263764422
BIM-05,OD,pH,-1,-0.34714653192115585
BIM-05,OD,pH,0,-0.21191878804184122
BIM-05,OD,pH,1,-0.10003574604057906
BIM-05,OD,pH,2,-0.11899281436435531
BIM-05,OD,pH,3,0.07034094482711592
BIM-05,OD,pH,4,0.22694368861116224
BIM-05,OD,pH,5,0.3891142628029412
BIM-05,OD,pH_Norm,-5,-0.572857971920994
BIM-05,OD,pH_Norm,-4,-0.538398043271066
BIM-05,OD,pH_Norm,-3,-0.46668957207116074
BIM-05,OD,pH_Norm,-2,-0.41137682637644213
BIM-05,OD,pH_Norm,-1,-0.3471465319211558
BIM-05,OD,pH_Norm,0,-0.21191878804184122
BIM-05,OD,pH_Norm,1,-0.10003574604057905
BIM-05,OD,pH_Norm,2,-0.11899281436435534
BIM-05,OD,pH_Norm,3,0.0703409448271159
BIM-05,OD,pH_Norm,4,0.22694368861116235
BIM-05,OD,pH_Norm,5,0.3891142628029412
BIM-05,OD,Temperatura (°C),-5,-0.5192984244542591
BIM-05,OD,Temperatura (°C),-4,-0.38056330541202027
BIM-05,OD,Temperatura (°C),-3,-0.3727196151372374
BIM-05,OD,Temperatura (°C),-2,-0.39324415243380323
BIM-05,OD,Temperatura (°C),-1,-0.3335860297793517
BIM-05,OD,Temperatura (°C),0,-0.1882249343060774
BIM-05,OD,Temperatura (°C),1,-0.1363215076585507
BIM-05,OD,Temperatura (°C),2,-0.16215850661838455
BIM-05,OD,Temperatura (°C),3,0.10199903527306015
BIM-05,OD,Temperatura (°C),4,0.21797177846704788
BIM-05,OD,Temperatura (°C),5,0.3686561004740774
BIM-05,OD,Temp_Norm,-5,-0.5728579719209941
BIM-05,OD,Temp_Norm,-4,-0.5383980432710661
BIM-05,OD,Temp_Norm,-3,-0.46668957207116074
BIM-05,OD,Temp_Norm,-2,-0.4113768263764419
BIM-05,OD,Temp_Norm,-1,-0.34714653192115585
BIM-05,OD,Temp_Norm,0,-0.21191878804184117
BIM-05,OD,Temp_Norm,1,-0.100035746040579
BIM-05,OD,Temp_Norm,2,-0.11899281436435528
BIM-05,OD,Temp_Norm,3,0.07034094482711596
BIM-05,OD,Temp_Norm,4,0.22694368861116226
BIM-05,OD,Temp_Norm,5,0.38911426280294115
BIM-05,OD,EC,-5,0.647307655785982
BIM-05,OD,EC,-4,0.3699378682453936
BIM-05,OD,EC,-3,0.3801796557873394
BIM-05,OD,EC,-2,0.2943742463154681
BIM-05,OD,EC,-1,0.2039653141930006
BIM-05,OD,EC,0,0.12890013423466715
BIM-05,OD,EC,1,0.19062626981079359
BIM-05,OD,EC,2,0.04481528331093192
BIM-05,OD,EC,3,-0.12989544283516205
BIM-05,OD,EC,4,-0.2031594452323904
BIM-05,OD,EC,5,-0.299216582849609
BIM-05,OD,EC_Norm,-5,0.647307655785982
BIM-05,OD,EC_Norm,-4,0.3699378682453936
BIM-05,OD,EC_Norm,-3,0.3801796557873396
BIM-05,OD,EC_Norm,-2,0.2943742463154681
BIM-05,OD,EC_Norm,-1,0.20396531419300057
BIM-05,OD,EC_Norm,0,0.1289001342346671
BIM-05,OD,EC_Norm,1,0.19062626981079364
BIM-05,OD,EC_Norm,2,0.04481528331093193
BIM-05,OD,EC_Norm,3,-0.12989544283516208
BIM-05,OD,EC_Norm,4,-0.20315944523239035
BIM-05,OD,EC_Norm,5,-0.299216582849609
BIM-05,OD,OD_Norm,-5,-0.22550520115995476
BIM-05,OD,OD_Norm,-4,-0.09707108949709879
BIM-05,OD,OD_Norm,-3,0.03393190957024763
BIM-05,OD,OD_Norm,-2,0.15933560790256102
BIM-05,OD,OD_Norm,-1,0.14388691656629926
BIM-05,OD,OD_Norm,0,0.32420236796217455
BIM-05,OD,OD_Norm,1,-0.05520558781930185
BIM-05,OD,OD_Norm,2,0.2893171869116724
BIM-05,OD,OD_Norm,3,0.10621197554335636
BIM-05,OD,OD_Norm,4,-0.04962843119933105
BIM-05,OD,OD_Norm,5,0.28926332029278184
BIM-05,OD,Delta_pH_1d,-5,0.10014107851332403
BIM-05,OD,Delta_pH_1d,-4,-0.03101285812586924
BIM-05,OD,Delta_pH_1d,-3,0.07107152343461653
BIM-05,OD,Delta_pH_1d,-2,0.06586124976920361
BIM-05,OD,Delta_pH_1d,-1,-0.2069256047302476
BIM-05,OD,Delta_pH_1d,0,-0.28848111258939824
BIM-05,OD,Delta_pH_1d,1,-0.004427169678989809
BIM-05,OD,Delta_pH_1d,2,-0.4720340918330047
BIM-05,OD,Delta_pH_1d,3,-0.5093967953827792
BIM-05,OD,Delta_pH_1d,4,-0.4079036920368816
BIM-05,OD,Delta_pH_1d,5,-0.2609395664701387
BIM-07,OD,pH,-5,-0.6712567637330095
BIM-07,OD,pH,-4,-0.5390980579273998
BIM-07,OD,pH,-3,-0.38595065743997115
BIM-07,OD,pH,-2,-0.5472887481375575
BIM-07,OD,pH,-1,-0.51113904240037
BIM-07,OD,pH,0,-0.0846201857845273
BIM-07,OD,pH,1,-0.027006751588560994
BIM-07,OD,pH,2,0.13043002555257746
BIM-07,OD,pH,3,0.3935530352442101
BIM-07,OD,pH,4,0.5409989967565714
BIM-07,OD,pH,5,0.41789106993411296
BIM-07,OD,pH_Norm,-5,-0.6712567637330094
BIM-07,OD,pH_Norm,-4,-0.5390980579273998
BIM-07,OD,pH_Norm,-3,-0.3859506574399711
BIM-07,OD,pH_Norm,-2,-0.5472887481375575
BIM-07,OD,pH_Norm,-1,-0.5111390424003701
BIM-07,OD,pH_Norm,0,-0.08462018578452728
BIM-07,OD,pH_Norm,1,-0.02700675158856071
BIM-07,OD,pH_Norm,2,0.1304300255525775
BIM-07,OD,pH_Norm,3,0.39355303524421026
BIM-07,OD,pH_Norm,4,0.5409989967565716
BIM-07,OD,pH_Norm,5,0.4178910699341129
BIM-07,OD,Temperatura (°C),-5,-0.9059787060071304
BIM-07,OD,Temperatura (°C),-4,-0.8402184937755123
BIM-07,OD,Temperatura (°C),-3,-0.7288506892888027
BIM-07,OD,Temperatura (°C),-2,-0.6083855555921988
BIM-07,OD,Temperatura (°C),-1,-0.6743062645078609
BIM-07,OD,Temperatura (°C),0,-0.49890571292538516
BIM-07,OD,Temperatura (°C),1,-0.27647526729703564
BIM-07,OD,Temperatura (°C),2,-0.1253836475144234
BIM-07,OD,Temperatura (°C),3,-0.3230358322308308
BIM-07,OD,Temperatura (°C),4,0.13015710314108916
BIM-07,OD,Temperatura (°C),5,0.21841853820636703
BIM-07,OD,Temp_Norm,-5,-0.6712567637330094
BIM-07,OD,Temp_Norm,-4,-0.5390980579273998
BIM-07,OD,Temp_Norm,-3,-0.38595065743997115
BIM-07,OD,Temp_Norm,-2,-0.5472887481375573
BIM-07,OD,Temp_Norm,-1,-0.5111390424003701
BIM-07,OD,Temp_Norm,0,-0.08462018578452725
BIM-07,OD,Temp_Norm,1,-0.027006751588560918
BIM-07,OD,Temp_Norm,2,0.13043002555257752
BIM-07,OD,Temp_Norm,3,0.3935530352442103
BIM-07,OD,Temp_Norm,4,0.5409989967565715
BIM-07,OD,Temp_Norm,5,0.417891069934113
BIM-07,OD,EC,-5,0.6741637985128294
BIM-07,OD,EC,-4,0.47462053526106535
BIM-07,OD,EC,-3,0.17571402178087508
BIM-07,OD,EC,-2,0.28664053441186227
BIM-07,OD,EC,-1,0.24128131670813927
BIM-07,OD,EC,0,-0.24322132135124291
BIM-07,OD,EC,1,-0.8331983378073252
BIM-07,OD,EC,2,-0.7865775606584161
BIM-07,OD,EC,3,-0.7310574045518691
BIM-07,OD,EC,4,-0.6558558244427767
BIM-07,OD,EC,5,-0.3174161793451851
BIM-07,OD,EC_Norm,-5,0.6741637985128296
BIM-07,OD,EC_Norm,-4,0.4746205352610655
BIM-07,OD,EC_Norm,-3,0.17571402178087508
BIM-07,OD,EC_Norm,-2,0.28664053441186227
BIM-07,OD,EC_Norm,-1,0.2412813167081392
BIM-07,OD,EC_Norm,0,-0.24322132135124297
BIM-07,OD,EC_Norm,1,-0.8331983378073252
BIM-07,OD,EC_Norm,2,-0.786577560658416
BIM-07,OD,EC_Norm,3,-0.7310574045518692
BIM-07,OD,EC_Norm,4,-0.6558558244427768
BIM-07,OD,EC_Norm,5,-0.317416179345185
BIM-07,OD,OD_Norm,-5,0.19388844442191525
BIM-07,OD,OD_Norm,-4,0.4928094129255767
BIM-07,OD,OD_Norm,-3,0.7522758362846829
BIM-07,OD,OD_Norm,-2,0.7053817670043552
BIM-07,OD,OD_Norm,-1,0.7595663285878834
BIM-07,OD,OD_Norm,0,0.9999999999999999
BIM-07,OD,OD_Norm,1,0.7595663285878835
BIM-07,OD,OD_Norm,2,0.7053817670043552
BIM-07,OD,OD_Norm,3,0.7522758362846831
BIM-07,OD,OD_Norm,4,0.49280941292557684
BIM-07,OD,OD_Norm,5,0.1938884444219152
BIM-07,OD,Delta_pH_1d,-5,-0.5839451675133892
BIM-07,OD,Delta_pH_1d,-4,-0.38686849007679036
BIM-07,OD,Delta_pH_1d,-3,-0.2384803278179664
BIM-07,OD,Delta_pH_1d,-2,-0.474723383514185
BIM-07,OD,Delta_pH_1d,-1,-0.49478322975261657
BIM-07,OD,Delta_pH_1d,0,-0.14438464529857722
BIM-07,OD,Delta_pH_1d,1,-0.4311445553883801
BIM-07,OD,Delta_pH_1d,2,-0.565022546303504
BIM-07,OD,Delta_pH_1d,3,-0.34524081472120977
BIM-07,OD,Delta_pH_1d,4,-0.2203269147430094
BIM-07,OD,Delta_pH_1d,5,0.1384492857972298
BIM-09,OD,pH,-5,
BIM-09,OD,pH,-4,-1.0
BIM-09,OD,pH,-3,-0.9779514754314937
BIM-09,OD,pH,-2,-0.8616678809881657
BIM-09,OD,pH,-1,-0.4281808439028389
BIM-09,OD,pH,0,0.598894856628224
BIM-09,OD,pH,1,0.7704999006829545
BIM-09,OD,pH,2,0.842505780460661
BIM-09,OD,pH,3,0.7021738678951525
BIM-09,OD,pH,4,-1.0
BIM-09,OD,pH,5,
BIM-09,OD,pH_Norm,-5,
BIM-09,OD,pH_Norm,-4,-1.0
BIM-09,OD,pH_Norm,-3,-0.9779514754314934
BIM-09,OD,pH_Norm,-2,-0.8616678809881657
BIM-09,OD,pH_Norm,-1,-0.428180843902839
BIM-09,OD,pH_Norm,0,0.598894856628224
BIM-09,OD,pH_Norm,1,0.7704999006829546
BIM-09,OD,pH_Norm,2,0.8425057804606614
BIM-09,OD,pH_Norm,3,0.7021738678951523
BIM-09,OD,pH_Norm,4,-1.0
BIM-09,OD,pH_Norm,5,
BIM-09,OD,Temperatura (°C),-5,
BIM-09,OD,Temperatura (°C),-4,-0.9999999999999998
BIM-09,OD,Temperatura (°C),-3,-0.901127113779167
BIM-09,OD,Temperatura (°C),-2,-0.24743920798512328
BIM-09,OD,Temperatura (°C),-1,-0.2821271823004602
BIM-09,OD,Temperatura (°C),0,-0.46836201814470546
BIM-09,OD,Temperatura (°C),1,-0.5235163772421713
BIM-09,OD,Temperatura (°C),2,-0.5962778934400594
BIM-09,OD,Temperatura (°C),3,-0.8660254037844373
BIM-09,OD,Temperatura (°C),4,1.0
BIM-09,OD,Temperatura (°C),5,
BIM-09,OD,Temp_Norm,-5,
BIM-09,OD,Temp_Norm,-4,-1.0
BIM-09,OD,Temp_Norm,-3,-0.9779514754314937
BIM-09,OD,Temp_Norm,-2,-0.8616678809881656
BIM-09,OD,Temp_Norm,-1,-0.4281808439028388
BIM-09,OD,Temp_Norm,0,0.5988948566282242
BIM-09,OD,Temp_Norm,1,0.7704999006829546
BIM-09,OD,Temp_Norm,2,0.8425057804606613
BIM-09,OD,Temp_Norm,3,0.7021738678951523
BIM-09,OD,Temp_Norm,4,-0.9999999999999999
BIM-09,OD,Temp_Norm,5,
BIM-09,OD,EC,-5,
BIM-09,OD,EC,-4,0.9999999999999999
BIM-09,OD,EC,-3,0.9449111825230678
BIM-09,OD,EC,-2,-0.6295512999397901
BIM-09,OD,EC,-1,-0.9241799954777009
BIM-09,OD,EC,0,-0.9615538909352356
BIM-09,OD,EC,1,-0.89539959944582
BIM-09,OD,EC,2,-0.7937834134323388
BIM-09,OD,EC,3,-0.6933752452815362
BIM-09,OD,EC,4,1.0
BIM-09,OD,EC,5,
BIM-09,OD,EC_Norm,-5,
BIM-09,OD,EC_Norm,-4,1.0
BIM-09,OD,EC_Norm,-3,0.944911182523068
BIM-09,OD,EC_Norm,-2,-0.6295512999397901
BIM-09,OD,EC_Norm,-1,-0.9241799954777008
BIM-09,OD,EC_Norm,0,-0.9615538909352358
BIM-09,OD,EC_Norm,1,-0.8953995994458197
BIM-09,OD,EC_Norm,2,-0.793783413432339
BIM-09,OD,EC_Norm,3,-0.6933752452815363
BIM-09,OD,EC_Norm,4,1.0
BIM-09,OD,EC_Norm,5,
BIM-09,OD,OD_Norm,-5,
BIM-09,OD,OD_Norm,-4,-1.0
BIM-09,OD,OD_Norm,-3,0.5447047794019236
BIM-09,OD,OD_Norm,-2,0.9337177817218326
BIM-09,OD,OD_Norm,-1,0.8402793004306025
BIM-09,OD,OD_Norm,0,1.0
BIM-09,OD,OD_Norm,1,0.8402793004306025
BIM-09,OD,OD_Norm,2,0.9337177817218323
BIM-09,OD,OD_Norm,3,0.5447047794019221
BIM-09,OD,OD_Norm,4,-1.0
BIM-09,OD,OD_Norm,5,
BIM-09,OD,Delta_pH_1d,-5,
BIM-09,OD,Delta_pH_1d,-4,-1.0
BIM-09,OD,Delta_pH_1d,-3,0.07023469506930378
BIM-09,OD,Delta_pH_1d,-2,-0.5711183748231615
BIM-09,OD,Delta_pH_1d,-1,-0.9364917712808395
BIM-09,OD,Delta_pH_1d,0,-0.7031948616588084
BIM-09,OD,Delta_pH_1d,1,-0.6378263675719047
BIM-09,OD,Delta_pH_1d,2,-0.39443642855007277
BIM-09,OD,Delta_pH_1d,3,-0.24019223070763032
BIM-09,OD,Delta_pH_1d,4,
BIM-09,OD,Delta_pH_1d,5,
BIM-12,OD,pH,-5,-0.6181127304372719
BIM-12,OD,pH,-4,-0.5380582273761579
BIM-12,OD,pH,-3,-0.5709112537662507
BIM-12,OD,pH,-2,-0.6766179829817879
BIM-12,OD,pH,-1,-0.40157120434186155
BIM-12,OD,pH,0,-0.29439950950942595
BIM-12,OD,pH,1,0.06788038937251242
BIM-12,OD,pH,2,-0.08263164506057391
BIM-12,OD,pH,3,0.47519775601948633
BIM-12,OD,pH,4,0.27310641632663063
BIM-12,OD,pH,5,0.3158272058076171
BIM-12,OD,pH_Norm,-5,-0.6181127304372718
BIM-12,OD,pH_Norm,-4,-0.538058227376158
BIM-12,OD,pH_Norm,-3,-0.5709112537662506
BIM-12,OD,pH_Norm,-2,-0.676617982981788
BIM-12,OD,pH_Norm,-1,-0.4015712043418616
BIM-12,OD,pH_Norm,0,-0.29439950950942584
BIM-12,OD,pH_Norm,1,0.06788038937251238
BIM-12,OD,pH_Norm,2,-0.08263164506057383
BIM-12,OD,pH_Norm,3,0.4751977560194861
BIM-12,OD,pH_Norm,4,0.27310641632663063
BIM-12,OD,pH_Norm,5,0.3158272058076172
BIM-12,OD,Temperatura (°C),-5,0.1112726542196724
BIM-12,OD,Temperatura (°C),-4,-0.15602706819180048
BIM-12,OD,Temperatura (°C),-3,-0.28596970722806786
BIM-12,OD,Temperatura (°C),-2,-0.316171364715541
BIM-12,OD,Temperatura (°C),-1,0.0029233907030691356
BIM-12,OD,Temperatura (°C),0,0.07457524447281016
BIM-12,OD,Temperatura (°C),1,-0.14243384476011633
BIM-12,OD,Temperatura (°C),2,-0.523868563637933
BIM-12,OD,Temperatura (°C),3,-0.32334290211007977
BIM-12,OD,Temperatura (°C),4,0.16746694652053462
BIM-12,OD,Temperatura (°C),5,0.3838370386972005
BIM-12,OD,Temp_Norm,-5,-0.6181127304372721
BIM-12,OD,Temp_Norm,-4,-0.5380582273761579
BIM-12,OD,Temp_Norm,-3,-0.5709112537662506
BIM-12,OD,Temp_Norm,-2,-0.6766179829817877
BIM-12,OD,Temp_Norm,-1,-0.40157120434186183
BIM-12,OD,Temp_Norm,0,-0.2943995095094259
BIM-12,OD,Temp_Norm,1,0.06788038937251258
BIM-12,OD,Temp_Norm,2,-0.08263164506057377
BIM-12,OD,Temp_Norm,3,0.4751977560194862
BIM-12,OD,Temp_Norm,4,0.2731064163266306
BIM-12,OD,Temp_Norm,5,0.31582720580761703
BIM-12,OD,EC,-5,0.44677769399258954
BIM-12,OD,EC,-4,0.7591651571248916
BIM-12,OD,EC,-3,0.5654675637089631
BIM-12,OD,EC,-2,0.7397007685329705
BIM-12,OD,EC,-1,0.35823903765917653
BIM-12,OD,EC,0,0.27228382118217126
BIM-12,OD,EC,1,-0.07577510530613102
BIM-12,OD,EC,2,0.11521362310087294
BIM-12,OD,EC,3,-0.2972751863984332
BIM-12,OD,EC,4,-0.2257787659303069
BIM-12,OD,EC,5,-0.3426569398573645
BIM-12,OD,EC_Norm,-5,0.4467776939925895
BIM-12,OD,EC_Norm,-4,0.7591651571248919
BIM-12,OD,EC_Norm,-3,0.5654675637089634
BIM-12,OD,EC_Norm,-2,0.7397007685329704
BIM-12,OD,EC_Norm,-1,0.35823903765917664
BIM-12,OD,EC_Norm,0,0.27228382118217137
BIM-12,OD,EC_Norm,1,-0.07577510530613099
BIM-12,OD,EC_Norm,2,0.11521362310087296
BIM-12,OD,EC_Norm,3,-0.29727518639843326
BIM-12,OD,EC_Norm,4,-0.225778765930307
BIM-12,OD,EC_Norm,5,-0.3426569398573645
BIM-12,OD,OD_Norm,-5,-0.2381205115473825
BIM-12,OD,OD_Norm,-4,0.052737182381042975
BIM-12,OD,OD_Norm,-3,-0.38213968905260043
BIM-12,OD,OD_Norm,-2,0.34566285423000886
BIM-12,OD,OD_Norm,-1,-0.18091336427310412
BIM-12,OD,OD_Norm,0,1.0
BIM-12,OD,OD_Norm,1,-0.1809133642731042
BIM-12,OD,OD_Norm,2,0.34566285423000886
BIM-12,OD,OD_Norm,3,-0.3821396890526003
BIM-12,OD,OD_Norm,4,0.05273718238104305
BIM-12,OD,OD_Norm,5,-0.23812051154738245
BIM-12,OD,Delta_pH_1d,-5,0.10962938366368112
BIM-12,OD,Delta_pH_1d,-4,0.14694224346815726
BIM-12,OD,Delta_pH_1d,-3,0.20509715500076903
BIM-12,OD,Delta_pH_1d,-2,0.1596888457544871
BIM-12,OD,Delta_pH_1d,-1,0.03505780345963084
BIM-12,OD,Delta_pH_1d,0,0.14417143940492294
BIM-12,OD,Delta_pH_1d,1,0.2644139558070499
BIM-12,OD,Delta_pH_1d,2,-0.1860790972392896
BIM-12,OD,Delta_pH_1d,3,0.12069803207408893
BIM-12,OD,Delta_pH_1d,4,-0.20480464829333742
BIM-12,OD,Delta_pH_1d,5,-0.02137203679498733
BIM-13,OD,pH,-5,-0.23853426290011343
BIM-13,OD,pH,-4,-0.3735639530533533
BIM-13,OD,pH,-3,-0.4062427725538719
BIM-13,OD,pH,-2,-0.3643188259438586
BIM-13,OD,pH,-1,-0.21275680100091168
BIM-13,OD,pH,0,0.2616288033802842
BIM-13,OD,pH,1,0.1100549000689376
BIM-13,OD,pH,2,-0.040479964452169184
BIM-13,OD,pH,3,0.00671730816133176
BIM-13,OD,pH,4,-0.2593733348019266
BIM-13,OD,pH,5,-0.18124896541153837
BIM-13,OD,pH_Norm,-5,-0.23853426290011345
BIM-13,OD,pH_Norm,-4,-0.3735639530533533
BIM-13,OD,pH_Norm,-3,-0.40624277255387176
BIM-13,OD,pH_Norm,-2,-0.36431882594385867
BIM-13,OD,pH_Norm,-1,-0.21275680100091168
BIM-13,OD,pH_Norm,0,0.2616288033802842
BIM-13,OD,pH_Norm,1,0.11005490006893756
BIM-13,OD,pH_Norm,2,-0.0404799644521692
BIM-13,OD,pH_Norm,3,0.006717308161331859
BIM-13,OD,pH_Norm,4,-0.2593733348019266
BIM-13,OD,pH_Norm,5,-0.18124896541153837
BIM-13,OD,Temperatura (°C),-5,-0.17951704873495034
BIM-13,OD,Temperatura (°C),-4,-0.389331002188625
BIM-13,OD,Temperatura (°C),-3,-0.5062818377621288
BIM-13,OD,Temperatura (°C),-2,-0.49487820118986375
BIM-13,OD,Temperatura (°C),-1,-0.3197049163520748
BIM-13,OD,Temperatura (°C),0,-0.029347428431480572
BIM-13,OD,Temperatura (°C),1,0.19786717755936312
BIM-13,OD,Temperatura (°C),2,0.2690871300655568
BIM-13,OD,Temperatura (°C),3,0.23347588341320577
BIM-13,OD,Temperatura (°C),4,0.05179458517551559
BIM-13,OD,Temperatura (°C),5,-0.27612399231595847
BIM-13,OD,Temp_Norm,-5,-0.23853426290011345
BIM-13,OD,Temp_Norm,-4,-0.3735639530533532
BIM-13,OD,Temp_Norm,-3,-0.40624277255387176
BIM-13,OD,Temp_Norm,-2,-0.36431882594385867
BIM-13,OD,Temp_Norm,-1,-0.21275680100091168
BIM-13,OD,Temp_Norm,0,0.26162880338028427
BIM-13,OD,Temp_Norm,1,0.11005490006893756
BIM-13,OD,Temp_Norm,2,-0.04047996445216916
BIM-13,OD,Temp_Norm,3,0.006717308161331751
BIM-13,OD,Temp_Norm,4,-0.25937333480192654
BIM-13,OD,Temp_Norm,5,-0.18124896541153845
BIM-13,OD,EC,-5,0.017687174923782103
BIM-13,OD,EC,-4,0.18836781750057602
BIM-13,OD,EC,-3,0.14926683501531945
BIM-13,OD,EC,-2,0.10482185648730273
BIM-13,OD,EC,-1,-0.07821309637944229
BIM-13,OD,EC,0,-0.35626738933187246
BIM-13,OD,EC,1,-0.46296736701546165
BIM-13,OD,EC,2,-0.4288154006792517
BIM-13,OD,EC,3,-0.4334187577542785
BIM-13,OD,EC,4,-0.36782001630756433
BIM-13,OD,EC,5,0.07448435814033268
BIM-13,OD,EC_Norm,-5,0.0176871749237822
BIM-13,OD,EC_Norm,-4,0.18836781750057602
BIM-13,OD,EC_Norm,-3,0.1492668350153195
BIM-13,OD,EC_Norm,-2,0.10482185648730273
BIM-13,OD,EC_Norm,-1,-0.07821309637944227
BIM-13,OD,EC_Norm,0,-0.35626738933187246
BIM-13,OD,EC_Norm,1,-0.4629673670154616
BIM-13,OD,EC_Norm,2,-0.4288154006792517
BIM-13,OD,EC_Norm,3,-0.43341875775427857
BIM-13,OD,EC_Norm,4,-0.3678200163075643
BIM-13,OD,EC_Norm,5,0.0744843581403326
BIM-13,OD,OD_Norm,-5,0.0504328584507567
BIM-13,OD,OD_Norm,-4,-0.08488886834789897
BIM-13,OD,OD_Norm,-3,0.11275880497609868
BIM-13,OD,OD_Norm,-2,0.28269288211817906
BIM-13,OD,OD_Norm,-1,0.4795471781600529
BIM-13,OD,OD_Norm,0,1.0
BIM-13,OD,OD_Norm,1,0.47954717816005277
BIM-13,OD,OD_Norm,2,0.282692882118179
BIM-13,OD,OD_Norm,3,0.11275880497609861
BIM-13,OD,OD_Norm,4,-0.08488886834789909
BIM-13,OD,OD_Norm,5,0.050432858450756575
BIM-13,OD,Delta_pH_1d,-5,0.08253550007047805
BIM-13,OD,Delta_pH_1d,-4,0.08774224669768892
BIM-13,OD,Delta_pH_1d,-3,-0.0511329704767631
BIM-13,OD,Delta_pH_1d,-2,-0.19158702674127207
BIM-13,OD,Delta_pH_1d,-1,-0.38035841390300945
BIM-13,OD,Delta_pH_1d,0,0.27330869670051605
BIM-13,OD,Delta_pH_1d,1,0.1996288112705408
BIM-13,OD,Delta_pH_1d,2,-0.028666510303289667
BIM-13,OD,Delta_pH_1d,3,0.22018318060558942
BIM-13,OD,Delta_pH_1d,4,-0.0687887884784512
BIM-13,OD,Delta_pH_1d,5,-0.2964664493568067
BIM-14,OD,pH,-5,-0.3199827266572784
BIM-14,OD,pH,-4,-0.5372881380747816
BIM-14,OD,pH,-3,-0.6609108445277649
BIM-14,OD,pH,-2,-0.3243755200353387
BIM-14,OD,pH,-1,0.26462091220332623
BIM-14,OD,pH,0,0.697721854176255
BIM-14,OD,pH,1,0.6324002287874408
BIM-14,OD,pH,2,0.37788471769205484
BIM-14,OD,pH,3,0.05006159859029901
BIM-14,OD,pH,4,-0.13476762690031502
BIM-14,OD,pH,5,-0.15338948365800395
BIM-14,OD,pH_Norm,-5,-0.3199827266572784
BIM-14,OD,pH_Norm,-4,-0.5372881380747816
BIM-14,OD,pH_Norm,-3,-0.6609108445277647
BIM-14,OD,pH_Norm,-2,-0.3243755200353386
BIM-14,OD,pH_Norm,-1,0.22375872707983654
BIM-14,OD,pH_Norm,0,0.3476958339675159
BIM-14,OD,pH_Norm,1,0.22696955289053686
BIM-14,OD,pH_Norm,2,-0.06349521124783787
BIM-14,OD,pH_Norm,3,0.11069748583304524
BIM-14,OD,pH_Norm,4,-0.31593030928490035
BIM-14,OD,pH_Norm,5,-0.2616700379706651
BIM-14,OD,Temperatura (°C),-5,-0.5176666256681441
BIM-14,OD,Temperatura (°C),-4,-0.5018335138059157
BIM-14,OD,Temperatura (°C),-3,-0.28000000349337684
BIM-14,OD,Temperatura (°C),-2,0.19555826511570082
BIM-14,OD,Temperatura (°C),-1,0.35283459678011464
BIM-14,OD,Temperatura (°C),0,0.17500692399799583
BIM-14,OD,Temperatura (°C),1,-0.26305881405360165
BIM-14,OD,Temperatura (°C),2,-0.6696233799373249
BIM-14,OD,Temperatura (°C),3,-0.5443642103065958
BIM-14,OD,Temperatura (°C),4,-0.16703001366370143
BIM-14,OD,Temperatura (°C),5,0.5581498019679623
BIM-14,OD,Temp_Norm,-5,-0.31998272665727834
BIM-14,OD,Temp_Norm,-4,-0.5372881380747816
BIM-14,OD,Temp_Norm,-3,-0.6609108445277647
BIM-14,OD,Temp_Norm,-2,-0.3243755200353386
BIM-14,OD,Temp_Norm,-1,0.22375872707983652
BIM-14,OD,Temp_Norm,0,0.347695833967516
BIM-14,OD,Temp_Norm,1,0.2269695528905368
BIM-14,OD,Temp_Norm,2,-0.06349521124783788
BIM-14,OD,Temp_Norm,3,0.11069748583304524
BIM-14,OD,Temp_Norm,4,-0.3159303092849002
BIM-14,OD,Temp_Norm,5,-0.2616700379706652
BIM-14,OD,EC,-5,0.21976735940870032
BIM-14,OD,EC,-4,0.27254528219717133
BIM-14,OD,EC,-3,0.12004357154331176
BIM-14,OD,EC,-2,-0.4804339358528929
BIM-14,OD,EC,-1,-0.7158338007670855
BIM-14,OD,EC,0,-0.6817914930373608
BIM-14,OD,EC,1,-0.4241389033878566
BIM-14,OD,EC,2,0.0008401220877542775
BIM-14,OD,EC,3,0.35243289217367474
BIM-14,OD,EC,4,0.49654885041933755
BIM-14,OD,EC,5,0.5554788712749908
BIM-14,OD,EC_Norm,-5,0.21976735940870035
BIM-14,OD,EC_Norm,-4,0.2725452821971713
BIM-14,OD,EC_Norm,-3,0.12004357154331176
BIM-14,OD,EC_Norm,-2,-0.4804339358528928
BIM-14,OD,EC_Norm,-1,-0.7158338007670855
BIM-14,OD,EC_Norm,0,-0.6817914930373608
BIM-14,OD,EC_Norm,1,-0.42413890338785654
BIM-14,OD,EC_Norm,2,0.0008401220877542866
BIM-14,OD,EC_Norm,3,0.3524328921736748
BIM-14,OD,EC_Norm,4,0.49654885041933744
BIM-14,OD,EC_Norm,5,0.5554788712749906
BIM-14,OD,OD_Norm,-5,-0.3876166899154656
BIM-14,OD,OD_Norm,-4,-0.3857922348228035
BIM-14,OD,OD_Norm,-3,-0.4112462609135015
BIM-14,OD,OD_Norm,-2,0.14710258511490623
BIM-14,OD,OD_Norm,-1,0.5635097853099618
BIM-14,OD,OD_Norm,0,0.9999999999999999
BIM-14,OD,OD_Norm,1,0.5635097853099619
BIM-14,OD,OD_Norm,2,0.14710258511490631
BIM-14,OD,OD_Norm,3,-0.41124626091350147
BIM-14,OD,OD_Norm,4,-0.38579223482280345
BIM-14,OD,OD_Norm,5,-0.38761668991546555
BIM-14,OD,Delta_pH_1d,-5,0.13767070220204383
BIM-14,OD,Delta_pH_1d,-4,0.0489611170840081
BIM-14,OD,Delta_pH_1d,-3,-0.2584366994883519
BIM-14,OD,Delta_pH_1d,-2,-0.47627898343380864
BIM-14,OD,Delta_pH_1d,-1,-0.16661749732166753
BIM-14,OD,Delta_pH_1d,0,0.2784693475524377
BIM-14,OD,Delta_pH_1d,1,0.2501841088645491
BIM-14,OD,Delta_pH_1d,2,0.24580629235322599
BIM-14,OD,Delta_pH_1d,3,0.24527752808356093
BIM-14,OD,Delta_pH_1d,4,-0.05352088900202207
BIM-14,OD,Delta_pH_1d,5,-0.19873355440025844
BIM-15,OD,pH,-5,-0.6651416846649366
BIM-15,OD,pH,-4,-0.6872113631450895
BIM-15,OD,pH,-3,-0.5242713658448531
BIM-15,OD,pH,-2,-0.32815303611367697
BIM-15,OD,pH,-1,0.06996674658866224
BIM-15,OD,pH,0,0.5511009907999023
BIM-15,OD,pH,1,0.7740198171721893
BIM-15,OD,pH,2,0.8225511192865295
BIM-15,OD,pH,3,0.6449676819248045
BIM-15,OD,pH,4,0.08904791013135938
BIM-15,OD,pH,5,-0.6591238166263647
BIM-15,OD,pH_Norm,-5,-0.6651416846649364
BIM-15,OD,pH_Norm,-4,-0.6872113631450897
BIM-15,OD,pH_Norm,-3,-0.5242713658448529
BIM-15,OD,pH_Norm,-2,-0.32815303611367674
BIM-15,OD,pH_Norm,-1,0.0699667465886623
BIM-15,OD,pH_Norm,0,0.5511009907999023
BIM-15,OD,pH_Norm,1,0.7740198171721894
BIM-15,OD,pH_Norm,2,0.8225511192865298
BIM-15,OD,pH_Norm,3,0.6449676819248045
BIM-15,OD,pH_Norm,4,0.0890479101313594
BIM-15,OD,pH_Norm,5,-0.6591238166263648
BIM-15,OD,Temperatura (°C),-5,-0.6483637388658589
BIM-15,OD,Temperatura (°C),-4,-0.8278964354740991
BIM-15,OD,Temperatura (°C),-3,-0.5937992170864927
BIM-15,OD,Temperatura (°C),-2,-0.16996060657939535
BIM-15,OD,Temperatura (°C),-1,0.08911868744985138
BIM-15,OD,Temperatura (°C),0,0.25587765554415176
BIM-15,OD,Temperatura (°C),1,0.277642076333285
BIM-15,OD,Temperatura (°C),2,0.04130728984652225
BIM-15,OD,Temperatura (°C),3,0.06008330051141846
BIM-15,OD,Temperatura (°C),4,0.40992310212604843
BIM-15,OD,Temperatura (°C),5,0.6366526606496189
BIM-15,OD,Temp_Norm,-5,-0.6651416846649365
BIM-15,OD,Temp_Norm,-4,-0.6872113631450895
BIM-15,OD,Temp_Norm,-3,-0.524271365844853
BIM-15,OD,Temp_Norm,-2,-0.3281530361136769
BIM-15,OD,Temp_Norm,-1,0.06996674658866218
BIM-15,OD,Temp_Norm,0,0.5511009907999023
BIM-15,OD,Temp_Norm,1,0.7740198171721895
BIM-15,OD,Temp_Norm,2,0.8225511192865297
BIM-15,OD,Temp_Norm,3,0.6449676819248042
BIM-15,OD,Temp_Norm,4,0.08904791013135933
BIM-15,OD,Temp_Norm,5,-0.6591238166263647
BIM-15,OD,EC,-5,0.7098434940750459
BIM-15,OD,EC,-4,0.7770207612725645
BIM-15,OD,EC,-3,0.5281774289441584
BIM-15,OD,EC,-2,0.14469802595402873
BIM-15,OD,EC,-1,-0.29175406911557034
BIM-15,OD,EC,0,-0.7159921419932131
BIM-15,OD,EC,1,-0.7332985418636855
BIM-15,OD,EC,2,-0.6731908218090995
BIM-15,OD,EC,3,-0.4623434931406711
BIM-15,OD,EC,4,0.12533316641849854
BIM-15,OD,EC,5,0.9096565404273358
BIM-15,OD,EC_Norm,-5,0.709843494075046
BIM-15,OD,EC_Norm,-4,0.7770207612725645
BIM-15,OD,EC_Norm,-3,0.5281774289441583
BIM-15,OD,EC_Norm,-2,0.14469802595402875
BIM-15,OD,EC_Norm,-1,-0.2917540691155704
BIM-15,OD,EC_Norm,0,-0.7159921419932131
BIM-15,OD,EC_Norm,1,-0.7332985418636855
BIM-15,OD,EC_Norm,2,-0.6731908218090994
BIM-15,OD,EC_Norm,3,-0.4623434931406711
BIM-15,OD,EC_Norm,4,0.12533316641849854
BIM-15,OD,EC_Norm,5,0.9096565404273358
BIM-15,OD,OD_Norm,-5,-0.7541028003761223
BIM-15,OD,OD_Norm,-4,-0.5800632724398639
BIM-15,OD,OD_Norm,-3,-0.22709621119502027
BIM-15,OD,OD_Norm,-2,0.14355181639962758
BIM-15,OD,OD_Norm,-1,0.5430850454208429
BIM-15,OD,OD_Norm,0,1.0
BIM-15,OD,OD_Norm,1,0.5430850454208429
BIM-15,OD,OD_Norm,2,0.1435518163996274
BIM-15,OD,OD_Norm,3,-0.22709621119502046
BIM-15,OD,OD_Norm,4,-0.5800632724398639
BIM-15,OD,OD_Norm,5,-0.7541028003761223
BIM-15,OD,Delta_pH_1d,-5,0.16148702428397213
BIM-15,OD,Delta_pH_1d,-4,-0.21510987126382683
BIM-15,OD,Delta_pH_1d,-3,-0.18938063710237518
BIM-15,OD,Delta_pH_1d,-2,-0.4777928438562662
BIM-15,OD,Delta_pH_1d,-1,-0.7466168392545159
BIM-15,OD,Delta_pH_1d,0,-0.313264226396363
BIM-15,OD,Delta_pH_1d,1,0.1409389829484095
BIM-15,OD,Delta_pH_1d,2,0.3395527034020852
BIM-15,OD,Delta_pH_1d,3,0.7079199849105884
BIM-15,OD,Delta_pH_1d,4,0.6235611917805075
BIM-15,OD,Delta_pH_1d,5,0.32066295233860476
BIM-17,OD,pH,-5,-0.2775978273140763
BIM-17,OD,pH,-4,-0.37593502100213777
BIM-17,OD,pH,-3,-0.43462244405649597
BIM-17,OD,pH,-2,0.2676261840779229
BIM-17,OD,pH,-1,0.6076861181487837
BIM-17,OD,pH,0,0.8322597535685637
BIM-17,OD,pH,1,0.7711602849156101
BIM-17,OD,pH,2,0.6527634566045701
BIM-17,OD,pH,3,0.5471819896345657
BIM-17,OD,pH,4,0.4729050532614699
BIM-17,OD,pH,5,0.5254112365332071
BIM-17,OD,pH_Norm,-5,-0.2775978273140761
BIM-17,OD,pH_Norm,-4,-0.37593502100213766
BIM-17,OD,pH_Norm,-3,-0.43462244405649586
BIM-17,OD,pH_Norm,-2,0.2676261840779229
BIM-17,OD,pH_Norm,-1,0.6076861181487838
BIM-17,OD,pH_Norm,0,0.832259753568564
BIM-17,OD,pH_Norm,1,0.7711602849156098
BIM-17,OD,pH_Norm,2,0.6527634566045701
BIM-17,OD,pH_Norm,3,0.5471819896345655
BIM-17,OD,pH_Norm,4,0.4729050532614694
BIM-17,OD,pH_Norm,5,0.5254112365332063
BIM-17,OD,Temperatura (°C),-5,-0.5832689612393436
BIM-17,OD,Temperatura (°C),-4,-0.6437981605919204
BIM-17,OD,Temperatura (°C),-3,-0.5054193356197872
BIM-17,OD,Temperatura (°C),-2,0.27472649445963276
BIM-17,OD,Temperatura (°C),-1,0.6465975538950853
BIM-17,OD,Temperatura (°C),0,0.6219784554205409
BIM-17,OD,Temperatura (°C),1,0.44568075788602773
BIM-17,OD,Temperatura (°C),2,0.4059245128679132
BIM-17,OD,Temperatura (°C),3,0.4796696244250367
BIM-17,OD,Temperatura (°C),4,0.7842361549149554
BIM-17,OD,Temperatura (°C),5,0.84424270685986
BIM-17,OD,Temp_Norm,-5,-0.27759782731407606
BIM-17,OD,Temp_Norm,-4,-0.37593502100213766
BIM-17,OD,Temp_Norm,-3,-0.4346224440564959
BIM-17,OD,Temp_Norm,-2,0.267626184077923
BIM-17,OD,Temp_Norm,-1,0.6076861181487837
BIM-17,OD,Temp_Norm,0,0.8322597535685637
BIM-17,OD,Temp_Norm,1,0.7711602849156096
BIM-17,OD,Temp_Norm,2,0.6527634566045699
BIM-17,OD,Temp_Norm,3,0.5471819896345649
BIM-17,OD,Temp_Norm,4,0.47290505326146887
BIM-17,OD,Temp_Norm,5,0.525411236533206
BIM-17,OD,EC,-5,0.30669129012208773
BIM-17,OD,EC,-4,0.39296494046223784
BIM-17,OD,EC,-3,0.3767744334705698
BIM-17,OD,EC,-2,-0.25842046603685737
BIM-17,OD,EC,-1,-0.6401167279462588
BIM-17,OD,EC,0,-0.8888388900917598
BIM-17,OD,EC,1,-0.7715961206125779
BIM-17,OD,EC,2,-0.5926139570933364
BIM-17,OD,EC,3,-0.6244028129210487
BIM-17,OD,EC,4,-0.756997347862958
BIM-17,OD,EC,5,-0.7792617081750141
BIM-17,OD,EC_Norm,-5,0.3066912901220878
BIM-17,OD,EC_Norm,-4,0.39296494046223795
BIM-17,OD,EC_Norm,-3,0.3767744334705699
BIM-17,OD,EC_Norm,-2,-0.25842046603685737
BIM-17,OD,EC_Norm,-1,-0.6401167279462587
BIM-17,OD,EC_Norm,0,-0.8888388900917598
BIM-17,OD,EC_Norm,1,-0.7715961206125779
BIM-17,OD,EC_Norm,2,-0.5926139570933364
BIM-17,OD,EC_Norm,3,-0.6244028129210497
BIM-17,OD,EC_Norm,4,-0.7569973478629581
BIM-17,OD,EC_Norm,5,-0.7792617081750138
BIM-17,OD,OD_Norm,-5,-0.2697416212782451
BIM-17,OD,OD_Norm,-4,-0.34243508377444487
BIM-17,OD,OD_Norm,-3,-0.2902523135790634
BIM-17,OD,OD_Norm,-2,0.31433787409803743
BIM-17,OD,OD_Norm,-1,0.7473215525752297
BIM-17,OD,OD_Norm,0,1.0
BIM-17,OD,OD_Norm,1,0.7473215525752295
BIM-17,OD,OD_Norm,2,0.3143378740980374
BIM-17,OD,OD_Norm,3,-0.29025231357906345
BIM-17,OD,OD_Norm,4,-0.34243508377444504
BIM-17,OD,OD_Norm,5,-0.26974162127824525
BIM-17,OD,Delta_pH_1d,-5,-0.08962058574287546
BIM-17,OD,Delta_pH_1d,-4,-0.016914362726739025
BIM-17,OD,Delta_pH_1d,-3,-0.08276811082534143
BIM-17,OD,Delta_pH_1d,-2,-0.01847417982904639
BIM-17,OD,Delta_pH_1d,-1,-0.004218190741217016
BIM-17,OD,Delta_pH_1d,0,0.5497282629504429
BIM-17,OD,Delta_pH_1d,1,0.500675589128087
BIM-17,OD,Delta_pH_1d,2,0.5383302259066922
BIM-17,OD,Delta_pH_1d,3,0.1440125568689304
BIM-17,OD,Delta_pH_1d,4,-0.09960452558809989
BIM-17,OD,Delta_pH_1d,5,-0.08214075848752549
BIM-20,OD,pH,-5,-0.4204564045168988
BIM-20,OD,pH,-4,-0.21113497619528324
BIM-20,OD,pH,-3,-0.1287395044570934
BIM-20,OD,pH,-2,-0.31762817649725245
BIM-20,OD,pH,-1,0.00698464622463633
BIM-20,OD,pH,0,0.3172318689951073
BIM-20,OD,pH,1,0.314967834607865
BIM-20,OD,pH,2,0.19080269601008215
BIM-20,OD,pH,3,0.055617517475640324
BIM-20,OD,pH,4,0.09811504305565502
BIM-20,OD,pH,5,0.32808078356735754
BIM-20,OD,pH_Norm,-5,-0.4204564045168988
BIM-20,OD,pH_Norm,-4,-0.2111349761952832
BIM-20,OD,pH_Norm,-3,-0.12873950445709348
BIM-20,OD,pH_Norm,-2,-0.31762817649725245
BIM-20,OD,pH_Norm,-1,0.006984646224636475
BIM-20,OD,pH_Norm,0,0.3172318689951073
BIM-20,OD,pH_Norm,1,0.3149678346078649
BIM-20,OD,pH_Norm,2,0.19080269601008207
BIM-20,OD,pH_Norm,3,0.055617517475640275
BIM-20,OD,pH_Norm,4,0.0981150430556551
BIM-20,OD,pH_Norm,5,0.3280807835673576
BIM-20,OD,Temperatura (°C),-5,-0.3825722699595197
BIM-20,OD,Temperatura (°C),-4,-0.5372495384128205
BIM-20,OD,Temperatura (°C),-3,-0.4001585862065856
BIM-20,OD,Temperatura (°C),-2,-0.19454343105750008
BIM-20,OD,Temperatura (°C),-1,-0.11775447388768079
BIM-20,OD,Temperatura (°C),0,-0.04805233494818138
BIM-20,OD,Temperatura (°C),1,0.18228608722881215
BIM-20,OD,Temperatura (°C),2,0.07531897238058124
BIM-20,OD,Temperatura (°C),3,0.11684864404154027
BIM-20,OD,Temperatura (°C),4,0.41462441475351863
BIM-20,OD,Temperatura (°C),5,0.22369918533647423
BIM-20,OD,Temp_Norm,-5,-0.4204564045168988
BIM-20,OD,Temp_Norm,-4,-0.2111349761952833
BIM-20,OD,Temp_Norm,-3,-0.12873950445709337
BIM-20,OD,Temp_Norm,-2,-0.31762817649725233
BIM-20,OD,Temp_Norm,-1,0.006984646224636391
BIM-20,OD,Temp_Norm,0,0.3172318689951073
BIM-20,OD,Temp_Norm,1,0.3149678346078649
BIM-20,OD,Temp_Norm,2,0.1908026960100821
BIM-20,OD,Temp_Norm,3,0.055617517475640546
BIM-20,OD,Temp_Norm,4,0.09811504305565508
BIM-20,OD,Temp_Norm,5,0.3280807835673575
BIM-20,OD,EC,-5,0.21119414454834454
BIM-20,OD,EC,-4,0.20967607024497645
BIM-20,OD,EC,-3,0.13592341619829373
BIM-20,OD,EC,-2,0.05479663742736361
BIM-20,OD,EC,-1,-0.18741183873808576
BIM-20,OD,EC,0,-0.2798409784792004
BIM-20,OD,EC,1,-0.5742879673110787
BIM-20,OD,EC,2,-0.2883635404730244
BIM-20,OD,EC,3,0.15759282663039567
BIM-20,OD,EC,4,-0.15095435650746414
BIM-20,OD,EC,5,-0.2378265690889471
BIM-20,OD,EC_Norm,-5,0.21119414454834445
BIM-20,OD,EC_Norm,-4,0.20967607024497648
BIM-20,OD,EC_Norm,-3,0.1359234161982938
BIM-20,OD,EC_Norm,-2,0.05479663742736364
BIM-20,OD,EC_Norm,-1,-0.18741183873808573
BIM-20,OD,EC_Norm,0,-0.27984097847920053
BIM-20,OD,EC_Norm,1,-0.5742879673110786
BIM-20,OD,EC_Norm,2,-0.2883635404730244
BIM-20,OD,EC_Norm,3,0.15759282663039564
BIM-20,OD,EC_Norm,4,-0.15095435650746422
BIM-20,OD,EC_Norm,5,-0.237826569088947
BIM-20,OD,OD_Norm,-5,-0.23796862864988938
BIM-20,OD,OD_Norm,-4,-0.29050481623472457
BIM-20,OD,OD_Norm,-3,0.09890861507988169
BIM-20,OD,OD_Norm,-2,-0.27226782234351704
BIM-20,OD,OD_Norm,-1,0.1959373309474298
BIM-20,OD,OD_Norm,0,0.9999999999999998
BIM-20,OD,OD_Norm,1,0.19593733094742946
BIM-20,OD,OD_Norm,2,-0.2722678223435169
BIM-20,OD,OD_Norm,3,0.0989086150798818
BIM-20,OD,OD_Norm,4,-0.29050481623472485
BIM-20,OD,OD_Norm,5,-0.2379686286498891
BIM-20,OD,Delta_pH_1d,-5,-0.15538238121813674
BIM-20,OD,Delta_pH_1d,-4,-0.0006252406003003306
BIM-20,OD,Delta_pH_1d,-3,0.3384454897351934
BIM-20,OD,Delta_pH_1d,-2,-0.4421240942167927
BIM-20,OD,Delta_pH_1d,-1,-0.45028552180235787
BIM-20,OD,Delta_pH_1d,0,0.21177371708373044
BIM-20,OD,Delta_pH_1d,1,0.1972172496723542
BIM-20,OD,Delta_pH_1d,2,0.21536607464968685
BIM-20,OD,Delta_pH_1d,3,0.07013562802463864
BIM-20,OD,Delta_pH_1d,4,-0.3672323582909711
BIM-20,OD,Delta_pH_1d,5,-0.3250691282278623
T1,OD,pH,-5,-0.6962929812089539
T1,OD,pH,-4,-0.6734155020160391
T1,OD,pH,-3,-0.6342613743868243
T1,OD,pH,-2,-0.7462190151403033
T1,OD,pH,-1,-0.8564597942640108
T1,OD,pH,0,-0.634932934985509
T1,OD,pH,1,-0.6883902269351391
T1,OD,pH,2,-0.19668358345263778
T1,OD,pH,3,0.2551083078535368
T1,OD,pH,4,0.9189939075590153
T1,OD,pH,5,0.0025103208866417604
T1,OD,pH_Norm,-5,
T1,OD,pH_Norm,-4,
T1,OD,pH_Norm,-3,
T1,OD,pH_Norm,-2,
T1,OD,pH_Norm,-1,
T1,OD,pH_Norm,0,
T1,OD,pH_Norm,1,
T1,OD,pH_Norm,2,
T1,OD,pH_Norm,3,
T1,OD,pH_Norm,4,
T1,OD,pH_Norm,5,
T1,OD,Temperatura (°C),-5,-0.3607117375094069
T1,OD,Temperatura (°C),-4,0.0028822507425148203
T1,OD,Temperatura (°C),-3,-0.3120819116237361
T1,OD,Temperatura (°C),-2,-0.32324525261622156
T1,OD,Temperatura (°C),-1,-0.44930422643000467
T1,OD,Temperatura (°C),0,-0.6340459894430397
T1,OD,Temperatura (°C),1,-0.8134105454570615
T1,OD,Temperatura (°C),2,-0.6784390856709775
T1,OD,Temperatura (°C),3,-0.44653004341888447
T1,OD,Temperatura (°C),4,0.4973108600056092
T1,OD,Temperatura (°C),5,0.9578303198642344
T1,OD,Temp_Norm,-5,
T1,OD,Temp_Norm,-4,
T1,OD,Temp_Norm,-3,
T1,OD,Temp_Norm,-2,
T1,OD,Temp_Norm,-1,
T1,OD,Temp_Norm,0,
T1,OD,Temp_Norm,1,
T1,OD,Temp_Norm,2,
T1,OD,Temp_Norm,3,
T1,OD,Temp_Norm,4,
T1,OD,Temp_Norm,5,
T1,OD,EC,-5,0.04492850823070895
T1,OD,EC,-4,-0.08180563151170962
T1,OD,EC,-3,-0.45056564719080616
T1,OD,EC,-2,-0.4533509532010109
T1,OD,EC,-1,-0.6231258160298351
T1,OD,EC,0,-0.7909907183521571
T1,OD,EC,1,-0.8865945607529352
T1,OD,EC,2,-0.9388465495138336
T1,OD,EC,3,-0.6912647959832919
T1,OD,EC,4,0.021943644596661076
T1,OD,EC,5,0.5616576435085088
T1,OD,EC_Norm,-5,
T1,OD,EC_Norm,-4,
T1,OD,EC_Norm,-3,
T1,OD,EC_Norm,-2,
T1,OD,EC_Norm,-1,
T1,OD,EC_Norm,0,
T1,OD,EC_Norm,1,
T1,OD,EC_Norm,2,
T1,OD,EC_Norm,3,
T1,OD,EC_Norm,4,
T1,OD,EC_Norm,5,
T1,OD,OD_Norm,-5,
T1,OD,OD_Norm,-4,
T1,OD,OD_Norm,-3,
T1,OD,OD_Norm,-2,
T1,OD,OD_Norm,-1,
T1,OD,OD_Norm,0,
T1,OD,OD_Norm,1,
T1,OD,OD_Norm,2,
T1,OD,OD_Norm,3,
T1,OD,OD_Norm,4,
T1,OD,OD_Norm,5,
T1,OD,Delta_pH_1d,-5,-0.3694636799519788
T1,OD,Delta_pH_1d,-4,-0.20056471620266314
T1,OD,Delta_pH_1d,-3,-0.06771890585576087
T1,OD,Delta_pH_1d,-2,-0.0005229268777627884
T1,OD,Delta_pH_1d,-1,-0.27763215838877087
T1,OD,Delta_pH_1d,0,-0.36016832201069626
T1,OD,Delta_pH_1d,1,-0.66713340858476
T1,OD,Delta_pH_1d,2,-0.6995702547038143
T1,OD,Delta_pH_1d,3,-0.8357491253027667
T1,OD,Delta_pH_1d,4,-0.017753166460399223
T1,OD,Delta_pH_1d,5,0.2149333416546757
T2,OD,pH,-5,
T2,OD,pH,-4,-0.38124642583151497
T2,OD,pH,-3,-0.8460632681000876
T2,OD,pH,-2,-0.5337079248381499
T2,OD,pH,-1,0.40055672482405835
T2,OD,pH,0,0.7419968311484088
T2,OD,pH,1,0.26238968557593845
T2,OD,pH,2,-0.7627725740742619
T2,OD,pH,3,-0.6902823213232211
T2,OD,pH,4,0.8789079263854306
T2,OD,pH,5,1.0
T2,OD,pH_Norm,-5,
T2,OD,pH_Norm,-4,
T2,OD,pH_Norm,-3,
T2,OD,pH_Norm,-2,
T2,OD,pH_Norm,-1,
T2,OD,pH_Norm,0,
T2,OD,pH_Norm,1,
T2,OD,pH_Norm,2,
T2,OD,pH_Norm,3,
T2,OD,pH_Norm,4,
T2,OD,pH_Norm,5,
T2,OD,Temperatura (°C),-5,
T2,OD,Temperatura (°C),-4,-0.44747845403398345
T2,OD,Temperatura (°C),-3,-0.9315429275531633
T2,OD,Temperatura (°C),-2,0.3656229148147277
T2,OD,Temperatura (°C),-1,0.9066817976125082
T2,OD,Temperatura (°C),0,-0.2413880612339791
T2,OD,Temperatura (°C),1,-0.684704966642727
T2,OD,Temperatura (°C),2,0.04612074113715355
T2,OD,Temperatura (°C),3,0.3177549542900159
T2,OD,Temperatura (°C),4,-0.9766561553865116
T2,OD,Temperatura (°C),5,
T2,OD,Temp_Norm,-5,
T2,OD,Temp_Norm,-4,
T2,OD,Temp_Norm,-3,
T2,OD,Temp_Norm,-2,
T2,OD,Temp_Norm,-1,
T2,OD,Temp_Norm,0,
T2,OD,Temp_Norm,1,
T2,OD,Temp_Norm,2,
T2,OD,Temp_Norm,3,
T2,OD,Temp_Norm,4,
T2,OD,Temp_Norm,5,
T2,OD,EC,-5,
T2,OD,EC,-4,-0.6155808867080176
T2,OD,EC,-3,-0.5997117660826633
T2,OD,EC,-2,0.6854952569627125
T2,OD,EC,-1,0.4452231002356582
T2,OD,EC,0,0.45883942978995473
T2,OD,EC,1,-0.06255183657713258
T2,OD,EC,2,-0.8787812356440553
T2,OD,EC,3,-0.4504985918157726
T2,OD,EC,4,0.9999135491681611
T2,OD,EC,5,1.0
T2,OD,EC_Norm,-5,
T2,OD,EC_Norm,-4,
T2,OD,EC_Norm,-3,
T2,OD,EC_Norm,-2,
T2,OD,EC_Norm,-1,
T2,OD,EC_Norm,0,
T2,OD,EC_Norm,1,
T2,OD,EC_Norm,2,
T2,OD,EC_Norm,3,
T2,OD,EC_Norm,4,
T2,OD,EC_Norm,5,
T2,OD,OD_Norm,-5,
T2,OD,OD_Norm,-4,
T2,OD,OD_Norm,-3,
T2,OD,OD_Norm,-2,
T2,OD,OD_Norm,-1,
T2,OD,OD_Norm,0,
T2,OD,OD_Norm,1,
T2,OD,OD_Norm,2,
T2,OD,OD_Norm,3,
T2,OD,OD_Norm,4,
T2,OD,OD_Norm,5,
T2,OD,Delta_pH_1d,-5,
T2,OD,Delta_pH_1d,-4,0.9645788568769394
T2,OD,Delta_pH_1d,-3,0.07735838177870256
T2,OD,Delta_pH_1d,-2,-0.9525645195791014
T2,OD,Delta_pH_1d,-1,-0.42792963498129083
T2,OD,Delta_pH_1d,0,0.15459430957102363
T2,OD,Delta_pH_1d,1,0.30585131355972855
T2,OD,Delta_pH_1d,2,0.43968011935053497
T2,OD,Delta_pH_1d,3,0.2432598297686254
T2,OD,Delta_pH_1d,4,-0.9766561553865116
T2,OD,Delta_pH_1d,5,
T3,OD,pH,-5,-0.2718458189894966
T3,OD,pH,-4,-0.6006038276791902
T3,OD,pH,-3,-0.7647702434293457
T3,OD,pH,-2,-0.8143763232789001
T3,OD,pH,-1,-0.7917836880334128
T3,OD,pH,0,-0.5293345086774585
T3,OD,pH,1,-0.3173187480823648
T3,OD,pH,2,-0.2179795885445328
T3,OD,pH,3,0.9264077790484547
T3,OD,pH,4,0.6266850052031336
T3,OD,pH,5,0.43029965279441657
T3,OD,pH_Norm,-5,
T3,OD,pH_Norm,-4,
T3,OD,pH_Norm,-3,
T3,OD,pH_Norm,-2,
T3,OD,pH_Norm,-1,
T3,OD,pH_Norm,0,
T3,OD,pH_Norm,1,
T3,OD,pH_Norm,2,
T3,OD,pH_Norm,3,
T3,OD,pH_Norm,4,
T3,OD,pH_Norm,5,
T3,OD,Temperatura (°C),-5,-0.8955071027701083
T3,OD,Temperatura (°C),-4,-0.21237607140835865
T3,OD,Temperatura (°C),-3,-0.1085540417252901
T3,OD,Temperatura (°C),-2,-0.44289183865812776
T3,OD,Temperatura (°C),-1,-0.5863038192034863
T3,OD,Temperatura (°C),0,-0.7053913561554506
T3,OD,Temperatura (°C),1,-0.7140894799718674
T3,OD,Temperatura (°C),2,-0.7328915390716848
T3,OD,Temperatura (°C),3,-0.28990748918524695
T3,OD,Temperatura (°C),4,-0.2727526499213278
T3,OD,Temperatura (°C),5,-0.7279899362714564
T3,OD,Temp_Norm,-5,
T3,OD,Temp_Norm,-4,
T3,OD,Temp_Norm,-3,
T3,OD,Temp_Norm,-2,
T3,OD,Temp_Norm,-1,
T3,OD,Temp_Norm,0,
T3,OD,Temp_Norm,1,
T3,OD,Temp_Norm,2,
T3,OD,Temp_Norm,3,
T3,OD,Temp_Norm,4,
T3,OD,Temp_Norm,5,
T3,OD,EC,-5,-0.7492031769354428
T3,OD,EC,-4,-0.8782973431385669
T3,OD,EC,-3,-0.9426854251829987
T3,OD,EC,-2,-0.935105038089063
T3,OD,EC,-1,-0.8479259024798066
T3,OD,EC,0,-0.7259131844192572
T3,OD,EC,1,-0.6045041931587349
T3,OD,EC,2,-0.6526914297677473
T3,OD,EC,3,-0.7522584898617948
T3,OD,EC,4,-0.5770964149758481
T3,OD,EC,5,-0.3933033380162898
T3,OD,EC_Norm,-5,
T3,OD,EC_Norm,-4,
T3,OD,EC_Norm,-3,
T3,OD,EC_Norm,-2,
T3,OD,EC_Norm,-1,
T3,OD,EC_Norm,0,
T3,OD,EC_Norm,1,
T3,OD,EC_Norm,2,
T3,OD,EC_Norm,3,
T3,OD,EC_Norm,4,
T3,OD,EC_Norm,5,
T3,OD,OD_Norm,-5,
T3,OD,OD_Norm,-4,
T3,OD,OD_Norm,-3,
T3,OD,OD_Norm,-2,
T3,OD,OD_Norm,-1,
T3,OD,OD_Norm,0,
T3,OD,OD_Norm,1,
T3,OD,OD_Norm,2,
T3,OD,OD_Norm,3,
T3,OD,OD_Norm,4,
T3,OD,OD_Norm,5,
T3,OD,Delta_pH_1d,-5,0.6991890746600639
T3,OD,Delta_pH_1d,-4,0.38918030808202786
T3,OD,Delta_pH_1d,-3,0.16418660623967465
T3,OD,Delta_pH_1d,-2,-0.03094072921403183
T3,OD,Delta_pH_1d,-1,-0.34251354678502843
T3,OD,Delta_pH_1d,0,-0.3682058773935572
T3,OD,Delta_pH_1d,1,-0.42774258271304905
T3,OD,Delta_pH_1d,2,-0.630112613145285
T3,OD,Delta_pH_1d,3,-0.7152757808776778
T3,OD,Delta_pH_1d,4,-0.7646305017794958
T3,OD,Delta_pH_1d,5,0.31203050080240247
T4,OD,pH,-5,
T4,OD,pH,-4,
T4,OD,pH,-3,
T4,OD,pH,-2,
T4,OD,pH,-1,1.0
T4,OD,pH,0,0.4594968002426729
T4,OD,pH,1,-1.0
T4,OD,pH,2,
T4,OD,pH,3,
T4,OD,pH,4,
T4,OD,pH,5,
T4,OD,pH_Norm,-5,
T4,OD,pH_Norm,-4,
T4,OD,pH_Norm,-3,
T4,OD,pH_Norm,-2,
T4,OD,pH_Norm,-1,
T4,OD,pH_Norm,0,
T4,OD,pH_Norm,1,
T4,OD,pH_Norm,2,
T4,OD,pH_Norm,3,
T4,OD,pH_Norm,4,
T4,OD,pH_Norm,5,
T4,OD,Temperatura (°C),-5,
T4,OD,Temperatura (°C),-4,
T4,OD,Temperatura (°C),-3,
T4,OD,Temperatura (°C),-2,
T4,OD,Temperatura (°C),-1,-1.0
T4,OD,Temperatura (°C),0,-0.955082560965711
T4,OD,Temperatura (°C),1,-1.0
T4,OD,Temperatura (°C),2,
T4,OD,Temperatura (°C),3,
T4,OD,Temperatura (°C),4,
T4,OD,Temperatura (°C),5,
T4,OD,Temp_Norm,-5,
T4,OD,Temp_Norm,-4,
T4,OD,Temp_Norm,-3,
T4,OD,Temp_Norm,-2,
T4,OD,Temp_Norm,-1,
T4,OD,Temp_Norm,0,
T4,OD,Temp_Norm,1,
T4,OD,Temp_Norm,2,
T4,OD,Temp_Norm,3,
T4,OD,Temp_Norm,4,
T4,OD,Temp_Norm,5,
T4,OD,EC,-5,
T4,OD,EC,-4,
T4,OD,EC,-3,
T4,OD,EC,-2,
T4,OD,EC,-1,1.0
T4,OD,EC,0,0.3377412969436899
T4,OD,EC,1,-1.0
T4,OD,EC,2,
T4,OD,EC,3,
T4,OD,EC,4,
T4,OD,EC,5,
T4,OD,EC_Norm,-5,
T4,OD,EC_Norm,-4,
T4,OD,EC_Norm,-3,
T4,OD,EC_Norm,-2,
T4,OD,EC_Norm,-1,
T4,OD,EC_Norm,0,
T4,OD,EC_Norm,1,
T4,OD,EC_Norm,2,
T4,OD,EC_Norm,3,
T4,OD,EC_Norm,4,
T4,OD,EC_Norm,5,
T4,OD,OD_Norm,-5,
T4,OD,OD_Norm,-4,
T4,OD,OD_Norm,-3,
T4,OD,OD_Norm,-2,
T4,OD,OD_Norm,-1,
T4,OD,OD_Norm,0,
T4,OD,OD_Norm,1,
T4,OD,OD_Norm,2,
T4,OD,OD_Norm,3,
T4,OD,OD_Norm,4,
T4,OD,OD_Norm,5,
T4,OD,Delta_pH_1d,-5,
T4,OD,Delta_pH_1d,-4,
T4,OD,Delta_pH_1d,-3,
T4,OD,Delta_pH_1d,-2,
T4,OD,Delta_pH_1d,-1,0.9999999999999998
T4,OD,Delta_pH_1d,0,0.7461557922161224
T4,OD,Delta_pH_1d,1,
T4,OD,Delta_pH_1d,2,
T4,OD,Delta_pH_1d,3,
T4,OD,Delta_pH_1d,4,
T4,OD,Delta_pH_1d,5,
T5,OD,pH,-5,
T5,OD,pH,-4,
T5,OD,pH,-3,
T5,OD,pH,-2,
T5,OD,pH,-1,1.0
T5,OD,pH,0,0.41760043556647164
T5,OD,pH,1,-1.0
T5,OD,pH,2,
T5,OD,pH,3,
T5,OD,pH,4,
T5,OD,pH,5,
T5,OD,pH_Norm,-5,
T5,OD,pH_Norm,-4,
T5,OD,pH_Norm,-3,
T5,OD,pH_Norm,-2,
T5,OD,pH_Norm,-1,
T5,OD,pH_Norm,0,
T5,OD,pH_Norm,1,
T5,OD,pH_Norm,2,
T5,OD,pH_Norm,3,
T5,OD,pH_Norm,4,
T5,OD,pH_Norm,5,
T5,OD,Temperatura (°C),-5,
T5,OD,Temperatura (°C),-4,
T5,OD,Temperatura (°C),-3,
T5,OD,Temperatura (°C),-2,
T5,OD,Temperatura (°C),-1,-1.0
T5,OD,Temperatura (°C),0,-0.9270451408277051
T5,OD,Temperatura (°C),1,-1.0
T5,OD,Temperatura (°C),2,
T5,OD,Temperatura (°C),3,
T5,OD,Temperatura (°C),4,
T5,OD,Temperatura (°C),5,
T5,OD,Temp_Norm,-5,
T5,OD,Temp_Norm,-4,
T5,OD,Temp_Norm,-3,
T5,OD,Temp_Norm,-2,
T5,OD,Temp_Norm,-1,
T5,OD,Temp_Norm,0,
T5,OD,Temp_Norm,1,
T5,OD,Temp_Norm,2,
T5,OD,Temp_Norm,3,
T5,OD,Temp_Norm,4,
T5,OD,Temp_Norm,5,
T5,OD,EC,-5,
T5,OD,EC,-4,
T5,OD,EC,-3,
T5,OD,EC,-2,
T5,OD,EC,-1,1.0
T5,OD,EC,0,0.18260820651753706
T5,OD,EC,1,-1.0
T5,OD,EC,2,
T5,OD,EC,3,
T5,OD,EC,4,
T5,OD,EC,5,
T5,OD,EC_Norm,-5,
T5,OD,EC_Norm,-4,
T5,OD,EC_Norm,-3,
T5,OD,EC_Norm,-2,
T5,OD,EC_Norm,-1,
T5,OD,EC_Norm,0,
T5,OD,EC_Norm,1,
T5,OD,EC_Norm,2,
T5,OD,EC_Norm,3,
T5,OD,EC_Norm,4,
T5,OD,EC_Norm,5,
T5,OD,OD_Norm,-5,
T5,OD,OD_Norm,-4,
T5,OD,OD_Norm,-3,
T5,OD,OD_Norm,-2,
T5,OD,OD_Norm,-1,
T5,OD,OD_Norm,0,
T5,OD,OD_Norm,1,
T5,OD,OD_Norm,2,
T5,OD,OD_Norm,3,
T5,OD,OD_Norm,4,
T5,OD,OD_Norm,5,
T5,OD,Delta_pH_1d,-5,
T5,OD,Delta_pH_1d,-4,
T5,OD,Delta_pH_1d,-3,
T5,OD,Delta_pH_1d,-2,
T5,OD,Delta_pH_1d,-1,1.0
T5,OD,Delta_pH_1d,0,0.6497362268632721
T5,OD,Delta_pH_1d,1,
T5,OD,Delta_pH_1d,2,
T5,OD,Delta_pH_1d,3,
T5,OD,Delta_pH_1d,4,
T5,OD,Delta_pH_1d,5,
T6,OD,pH,-5,
T6,OD,pH,-4,
T6,OD,pH,-3,
T6,OD,pH,-2,
T6,OD,pH,-1,1.0
T6,OD,pH,0,0.6905076603169362
T6,OD,pH,1,-1.0
T6,OD,pH,2,
T6,OD,pH,3,
T6,OD,pH,4,
T6,OD,pH,5,
T6,OD,pH_Norm,-5,
T6,OD,pH_Norm,-4,
T6,OD,pH_Norm,-3,
T6,OD,pH_Norm,-2,
T6,OD,pH_Norm,-1,
T6,OD,pH_Norm,0,
T6,OD,pH_Norm,1,
T6,OD,pH_Norm,2,
T6,OD,pH_Norm,3,
T6,OD,pH_Norm,4,
T6,OD,pH_Norm,5,
T6,OD,Temperatura (°C),-5,
T6,OD,Temperatura (°C),-4,
T6,OD,Temperatura (°C),-3,
T6,OD,Temperatura (°C),-2,
T6,OD,Temperatura (°C),-1,-0.9999999999999999
T6,OD,Temperatura (°C),0,-0.9998370531276852
T6,OD,Temperatura (°C),1,-1.0
T6,OD,Temperatura (°C),2,
T6,OD,Temperatura (°C),3,
T6,OD,Temperatura (°C),4,
T6,OD,Temperatura (°C),5,
T6,OD,Temp_Norm,-5,
T6,OD,Temp_Norm,-4,
T6,OD,Temp_Norm,-3,
T6,OD,Temp_Norm,-2,
T6,OD,Temp_Norm,-1,
T6,OD,Temp_Norm,0,
T6,OD,Temp_Norm,1,
T6,OD,Temp_Norm,2,
T6,OD,Temp_Norm,3,
T6,OD,Temp_Norm,4,
T6,OD,Temp_Norm,5,
T6,OD,EC,-5,
T6,OD,EC,-4,
T6,OD,EC,-3,
T6,OD,EC,-2,
T6,OD,EC,-1,0.9999999999999998
T6,OD,EC,0,0.6850264661116988
T6,OD,EC,1,-1.0
T6,OD,EC,2,
T6,OD,EC,3,
T6,OD,EC,4,
T6,OD,EC,5,
T6,OD,EC_Norm,-5,
T6,OD,EC_Norm,-4,
T6,OD,EC_Norm,-3,
T6,OD,EC_Norm,-2,
T6,OD,EC_Norm,-1,
T6,OD,EC_Norm,0,
T6,OD,EC_Norm,1,
T6,OD,EC_Norm,2,
T6,OD,EC_Norm,3,
T6,OD,EC_Norm,4,
T6,OD,EC_Norm,5,
T6,OD,OD_Norm,-5,
T6,OD,OD_Norm,-4,
T6,OD,OD_Norm,-3,
T6,OD,OD_Norm,-2,
T6,OD,OD_Norm,-1,
T6,OD,OD_Norm,0,
T6,OD,OD_Norm,1,
T6,OD,OD_Norm,2,
T6,OD,OD_Norm,3,
T6,OD,OD_Norm,4,
T6,OD,OD_Norm,5,
T6,OD,Delta_pH_1d,-5,
T6,OD,Delta_pH_1d,-4,
T6,OD,Delta_pH_1d,-3,
T6,OD,Delta_pH_1d,-2,
T6,OD,Delta_pH_1d,-1,0.9999999999999998
T6,OD,Delta_pH_1d,0,0.7812652057807772
T6,OD,Delta_pH_1d,1,
T6,OD,Delta_pH_1d,2,
T6,OD,Delta_pH_1d,3,
T6,OD,Delta_pH_1d,4,
T6,OD,Delta_pH_1d,5,
